city,time_period,total_points,outliers_iqr_count,outliers_iqr_pct,outliers_zscore_count,outliers_zscore_pct,mean_temp,std_temp,min_temp,max_temp
"Abingdon, VA",af,18612,103,0.5534064044702343,0,0.0,84.91416183107673,1.7049647990087198,79.87,89.87
"Albuquerque, NM",af,41550,25,0.060168471720818295,0,0.0,99.35346666666666,1.7089951887077017,94.59,104.15
"Albuquerque, NM",am,27439,257,0.9366230547760488,0,0.0,71.24420277706913,2.1642710362274773,65.1,77.22
"Arlington, VA",am,10810,0,0.0,1,0.009250693802035153,71.80703977798335,1.196767519270125,68.9,75.4
"Asheville, NC",af,17675,880,4.978783592644978,329,1.8613861386138613,83.55043603916799,1.995199933362,74.26686632247062,92.15855986023394
"Asheville, NC",am,22153,62,0.2798718006590529,11,0.04965467431047713,64.22378253485311,1.1306114308266568,60.68074190712568,66.6366336610114
"Asheville, NC",pm,17573,152,0.8649632959654016,17,0.09673931599613043,78.93966173575876,2.141355787455231,72.182287030666,85.28802115488506
"Atlanta, GA",af,23386,78,0.333532882921406,9,0.03848456341400838,82.06213332763191,1.5524725256179077,77.68,86.86
"Atlanta, GA",am,26830,991,3.6936265374580697,152,0.5665300037271711,60.48608237048081,1.4902498660830217,56.68,65.26
"Atlanta, GA",pm,24664,9,0.03649043139798897,7,0.02838144664288031,76.290281381771,2.611571430695725,69.99,84.47
"Austin, TX",af,28652,103,0.35948624877844476,103,0.35948624877844476,95.9874745218484,0.855497550835935,93.02,100.03999999999999
"Austin, TX",am,28125,248,0.8817777777777779,52,0.18488888888888888,75.3534464,1.4206836193632413,70.88,78.62
"Austin, TX",pm,24779,347,1.4003793534848057,78,0.3147826788813108,93.7881690140845,0.9993934725489477,90.86000000000001,97.52
"Baltimore, MD",af,47455,1574,3.316826467179433,583,1.2285322937519756,95.11990264461069,1.9346629451159396,86.18,104.53999999999999
"Baltimore, MD",am,50094,65,0.12975605860981354,54,0.10779734099892202,78.36521379805964,1.7658759004913385,72.32,84.91999999999999
"Baltimore, MD",pm,50262,1456,2.896820659742947,444,0.8833711352512832,89.31193625402891,1.943739619149184,81.14,96.26
"Bloomington, IN",af,9211,425,4.614048420366953,160,1.7370535229616761,88.59476712626207,1.6982025332814767,81.1,93.5
"Bloomington, IN",am,9481,52,0.5484653517561439,13,0.13711633793903596,68.39048623562915,1.214350167946939,63.8,72.1
"Bloomington, IN",pm,9229,928,10.055260591613392,227,2.459638097301983,86.38383356810054,1.8521773819231702,79.0,90.1
"Boise, ID",af,19297,589,3.052287920402135,299,1.5494636471990464,90.58856817121833,1.255172256839505,85.64,98.96
"Boise, ID",am,22795,321,1.4082035534108357,47,0.2061855670103093,57.99711691160342,2.8286188119942772,50.9,67.28
"Boise, ID",pm,22069,360,1.6312474511758577,145,0.657030223390276,90.09027142145091,1.725092549784954,82.94,96.08
"Boston, MA",af,17029,318,1.8674026660402843,143,0.839743966175348,91.29562980797463,1.5760276337593133,87.26,102.56
"Boston, MA",am,20062,33,0.16449008074967603,26,0.12959824543913867,75.08857441930017,1.4585002708246613,71.6,84.38
"Boston, MA",pm,20247,245,1.210055810737393,165,0.8149355460068157,84.77456512075864,1.5246374659804938,78.62,91.58
"Boulder, CO",af,9206,392,4.25809254833804,54,0.5865739734955464,95.74363458613949,1.3312689404570892,91.9,101.2
"Boulder, CO",pm,6307,45,0.7134929443475504,9,0.1426985888695101,86.64956397653401,1.28083693485008,82.9,90.8
"Brockton, MA",af,10090,199,1.9722497522299307,133,1.3181367690782952,86.60595639246779,1.515052718365414,79.7,92.7
"Brockton, MA",am,9775,192,1.9641943734015344,48,0.4910485933503836,64.55549872122764,0.873374379944318,61.8,67.3
"Brockton, MA",pm,8318,411,4.94109160855975,147,1.7672517432075017,81.63827843231546,1.5008097576731532,75.2,85.8
"Bronx and Manhattan, NY",af,12309,13,0.10561377853603054,0,0.0,83.19025834755057,1.3510466233657463,79.54,87.02
"Bronx and Manhattan, NY",am,14942,488,3.2659617186454293,0,0.0,70.95773122741265,1.4101493186292353,67.02,74.34
"Bronx and Manhattan, NY",pm,15135,1,0.006607201850016519,0,0.0,78.79983085563264,1.1097011078933032,75.68,81.88
"Brooklyn, NY",af,15105,91,0.6024495200264813,36,0.23833167825223436,90.05407480966566,1.3946920632782727,85.4,95.4
"Brooklyn, NY",am,16767,692,4.127154529731019,238,1.4194548816126915,77.63599332021232,0.7275823239507648,73.9,80.4
"Brooklyn, NY",pm,9219,55,0.5965939906714395,17,0.18440177893480855,87.78699425100335,0.9017820283357154,85.0,91.0
"Buffalo and Erie County, NY",af,19363,112,0.5784227650673965,97,0.500955430460156,87.61808087589732,1.5629023761871765,81.9,92.7
"Buffalo and Erie County, NY",am,19599,1444,7.367722843002195,622,3.173631307719781,71.46495229348437,2.2531833780201276,60.4,74.8
"Buffalo and Erie County, NY",pm,19455,14,0.0719609354921614,25,0.1285016705217168,85.51145720894371,1.4881448106768398,80.0,89.4
"Burlington, VT",af,16136,288,1.7848289538919186,142,0.8800198314328209,85.22678978681209,1.0066275454728595,79.88,89.42
"Burlington, VT",am,18877,12,0.0635694231074853,14,0.07416432695873286,67.38827461990782,0.733626690644037,65.30000000000001,70.7
"Charleston, SC",af,18957,151,0.7965395368465475,21,0.11077702168064568,91.83155193332279,1.4507942200283,87.35,95.93
"Charleston, SC",am,23401,422,1.803341737532584,0,0.0,81.94088030426052,0.8085118379255923,79.7,84.17
"Charlotte, NC",af,23558,263,1.1163935817981152,62,0.2631802360132439,94.95851090924528,2.4953461102579477,86.3,105.0
"Charlotte, NC",am,24387,211,0.8652150736047893,0,0.0,77.11825152745314,1.6161883803194121,72.7,81.9
"Charlotte, NC",pm,22958,125,0.5444725150274414,85,0.37024131021866014,92.72016726195662,2.0186986619429805,85.3,98.5
"Charlottesville, VA",af,10250,138,1.3463414634146342,0,0.0,93.34940390243902,1.1279672395278977,90.14,96.4
"Charlottesville, VA",am,12298,9,0.07318263132216621,0,0.0,71.66068872987478,1.2073688097308313,68.44,74.98
"Charlottesville, VA",pm,11853,25,0.21091706740909477,0,0.0,87.13838774993673,2.049242521476738,81.31,91.31
"Chicago, IL",af,48855,2820,5.7721829904820385,1265,2.589294852113397,91.83454712926007,2.4876789880580086,77.1,99.1
"Chicago, IL",am,39744,389,0.9787640901771336,100,0.25161030595813205,76.11173762077294,1.0704832272260403,72.7,81.1
"Cincinnati, OH",af,23480,207,0.8816013628620102,70,0.2981260647359455,83.53300340715502,1.3390307747252501,78.80000000000001,88.34
"Cincinnati, OH",am,25274,304,1.2028171243174803,23,0.09100261137928306,70.4224222521168,1.4623460706334057,66.02,74.66
"Cincinnati, OH",pm,26413,653,2.4722674440616363,323,1.2228826714118048,83.51780184000303,1.6259796027404585,77.18,89.06
"Clark County, NV",af,37355,119,0.31856511845803775,18,0.04818632043903092,90.20414670057555,1.9492474080523947,85.3,96.4
"Clarksville, IN",af,6921,11,0.15893656985984686,0,0.0,91.4294451668834,1.1889778969564853,88.2,94.76
"Clarksville, IN",pm,7473,143,1.9135554663455105,0,0.0,89.87808109193094,1.2656050092570281,86.15,93.42
"Columbia, MO",af,12404,6,0.04837149306675266,6,0.04837149306675266,97.1344243792325,1.065627126632091,94.0,100.5
"Columbia, MO",am,10858,160,1.4735678762202984,41,0.3776017682814515,79.58951924848039,0.6718977674593375,77.2,81.5
"Columbia, MO",pm,10149,190,1.8721056261700662,90,0.8867868755542417,93.38376194698985,1.1504253849117196,88.1,97.1
"Columbia, SC",af,18529,843,4.549624912299639,344,1.8565491931566733,93.25740191051865,2.6470643177475326,81.7,100.2
"Columbia, SC",am,27927,439,1.57195545529416,46,0.16471515021305547,76.24817560067318,1.4267543761289858,72.5,82.0
"Columbia, SC",pm,25416,26,0.1022977651872836,21,0.0826251180358829,83.36446726471513,1.6182444184687996,77.8,87.5
"Columbus, OH",af,37656,192,0.5098789037603569,97,0.257595071170597,79.37160080730827,1.3522168013548548,74.4,85.0
"Columbus, OH",am,41348,410,0.9915836316145885,163,0.3942149559833607,59.0348868143562,1.7070410680324553,52.2,64.3
"Columbus, OH",pm,33170,2696,8.127826349110642,786,2.3696110943623756,76.4778353934278,1.9179093778663818,68.1,81.3
"Detroit, MI",af,43719,833,1.9053500766257232,169,0.3865596193874517,82.63498936389212,1.0108764488823836,79.16,87.44
"Detroit, MI",am,46178,2983,6.459786045302958,143,0.30967127203430206,61.31805448481961,2.0984208500655193,56.66,68.18
"Detroit, MI",pm,41528,430,1.0354459641687537,226,0.5442111346561357,79.62924918127528,0.94972615401175,76.82,84.56
"East Multnomah County, OR",af,10771,93,0.8634295794262371,0,0.0,92.31405162009099,1.2841329584404582,88.7,95.8
"East Multnomah County, OR",am,12007,92,0.766219705171983,0,0.0,69.0765478470892,1.6517389805051879,64.63,72.99
"East Multnomah County, OR",pm,9479,426,4.494144951999155,0,0.0,90.42868657031333,1.5070498798698395,86.12,94.54
"El Paso, TX",af,20793,225,1.0820949357957004,99,0.47612177175010817,104.34638291732794,1.3277298896596947,99.5,109.03999999999999
"El Paso, TX",am,25946,2945,11.350497186464196,268,1.0329145147614276,82.76007631234103,2.106470467683466,73.03999999999999,88.7
"El Paso, TX",pm,19680,524,2.66260162601626,288,1.4634146341463417,103.42276524390245,1.6685957583086657,91.22,108.68
"Farmville, VA",af,18040,70,0.3880266075388027,25,0.1385809312638581,87.74949944567628,2.3095804801860567,82.64,94.77
"Farmville, VA",am,16337,51,0.31217481789802287,26,0.1591479463793842,72.14179225071922,0.9688387055991489,69.11,74.99
"Farmville, VA",pm,18593,1,0.005378368203087183,9,0.04840531382778465,87.95111870058624,1.9908597211918764,81.76,93.87
"Fort Lauderdale, FL",af,17546,1687,9.614727003305596,42,0.23937079676279494,87.49842357232417,1.6253340562037388,83.12,94.46000000000001
"Fort Lauderdale, FL",am,20781,515,2.4782253019585196,0,0.0,78.28697271546123,1.251839173486718,75.38,81.68
"Fort Lauderdale, FL",pm,16116,1632,10.126582278481013,6,0.03723008190618019,83.26160089352196,0.8537873915454435,80.42,85.28
"Harrisonburg, VA",pm,10671,6,0.056227157717177394,0,0.0,83.32936744447568,1.403371178093632,79.31,87.21
"Honolulu, HI",af,24563,3,0.01221349183731629,0,0.0,87.42482351504295,2.5579724230308725,80.96000000000001,94.82
"Honolulu, HI",am,26258,1587,6.043872343666692,49,0.1866097951100617,78.49582755731586,2.3530677673752716,70.16,82.75999999999999
"Honolulu, HI",pm,26635,874,3.281396658532007,384,1.4417120330392341,81.55536850009386,1.7293022631058714,75.38,85.1
"Houston and Harris County, TX",af,75713,1423,1.879465877722452,668,0.8822791330418819,94.33410722068865,1.480316729865646,86.18,103.28
"Houston and Harris County, TX",am,80060,378,0.4721458905820634,59,0.07369472895328504,78.81230052460654,1.4497210939279286,72.32,83.48
"Houston and Harris County, TX",pm,76956,1035,1.3449243723686262,775,1.0070689744789232,89.00174723218463,1.441132081065491,81.86,94.1
"Iowa City and Cedar Rapids, IA",af,27895,957,3.4307223516759278,290,1.0396128338411903,84.45215630041227,1.2849562892563793,77.8,90.0
"Iowa City and Cedar Rapids, IA",am,27899,246,0.8817520341230869,29,0.10394637800638015,60.78420015054303,2.508441716703929,52.8,67.2
"Iowa City and Cedar Rapids, IA",pm,27884,799,2.8654425476976044,313,1.1225075312006885,81.4040381580835,1.255269845492253,76.4,84.5
"Jackson, MS",af,23097,758,3.2818114906697837,319,1.3811317487119539,88.97609040135082,1.3853301665045004,84.2,95.72
"Jackson, MS",am,23658,472,1.9950967960098063,239,1.0102290979795419,69.04199594217602,1.2046278683796778,66.38,73.4
"Jackson, MS",pm,26554,29,0.10921141824207276,0,0.0,83.34730134819613,2.4053031309721793,76.64,90.32
"Jacksonville, FL",af,41878,362,0.8644156836525144,120,0.2865466354649219,94.70253354983524,1.21099422993597,91.0,99.1
"Jacksonville, FL",am,52381,992,1.8938164601668546,138,0.26345430595063096,80.42275825203797,1.6165908304140715,74.0,84.5
"Jacksonville, FL",pm,42604,1172,2.750915407004037,348,0.8168247112947141,93.70274387381467,1.453868518527747,86.2,98.0
"Jersey City, Newark, and Elizabeth, NJ",am,19211,104,0.5413565144969028,0,0.0,67.35252771849461,1.6929777628122,63.04,71.83
"Jersey City, Newark, and Elizabeth, NJ",pm,19318,111,0.5745936432342893,0,0.0,78.75264364841081,0.8979133501347009,76.32,81.17
"Johnson County and Wyandotte County, KS",af,68174,696,1.0209170651568047,358,0.5251268812157127,90.05540235280311,1.2561049049650084,85.1,96.6
"Johnson County and Wyandotte County, KS",am,71613,60,0.08378367056260735,50,0.06981972546883945,74.41441358412578,1.4462947713871366,70.3,79.5
"Johnson County and Wyandotte County, KS",pm,70112,1392,1.9853947968963943,632,0.9014148790506618,86.18830585349156,1.7138824511573658,79.2,90.9
"Kansas City, MO",af,23435,24,0.10241092383187542,0,0.0,89.61765948367827,1.345942612370981,85.7,93.4
"Kansas City, MO",pm,24193,67,0.27693961063117434,5,0.020667135121729425,85.72517091720746,1.2347407030380866,81.94,89.14
"Knoxville, TN",af,20718,387,1.8679409209383144,165,0.7964089197799016,89.86806158895646,1.5818041200559296,82.9,95.1
"Knoxville, TN",am,18516,90,0.48606610499027864,89,0.4806653704903867,69.8842514581983,1.3418087935601728,66.8,78.1
"Knoxville, TN",pm,19030,55,0.2890173410404624,51,0.2679978980557015,86.52314240672622,2.8177939225233732,77.6,93.3
"Laredo, TX",af,15943,159,0.997302891551151,47,0.2948002258044283,101.34210625352819,1.3179970527560398,95.7,106.7
"Laredo, TX",am,16956,280,1.6513328615239444,28,0.16513328615239442,80.17961193677755,1.070614318080415,76.5,82.7
"Laredo, TX",pm,14748,72,0.4882017900732303,24,0.16273393002441008,98.5098521833469,0.8612659990298424,96.0,102.0
"Las Cruces, NM",af,12535,849,6.773035500598325,118,0.9413641802951735,104.77011567610691,1.576570896080649,99.5,112.28
"Las Cruces, NM",am,12394,121,0.9762788446022269,0,0.0,76.96620461513635,1.3713997937550684,72.86,80.78
"Las Cruces, NM",pm,13878,860,6.196858336936158,217,1.5636258826920306,98.93859922178987,2.2061074543360792,89.24000000000001,103.28
"Little Rock, AR",af,22145,553,2.4971776924813724,88,0.397380898622714,97.21928200496725,1.5463351028624104,92.6,102.6
"Little Rock, AR",am,20525,23,0.1120584652862363,23,0.1120584652862363,72.97469427527406,1.3601679377321252,68.7,76.5
"Little Rock, AR",pm,20534,761,3.7060485049186713,196,0.9545144638161098,91.91473653452809,2.266980670390168,83.5,96.3
"Longmont, CO",af,10506,190,1.8084903864458404,122,1.1612411955073292,95.94585950885208,1.0861108891669466,91.6,100.4
"Longmont, CO",am,11072,153,1.381864161849711,43,0.3883670520231214,57.889486994219645,1.6143004882316174,51.8,61.6
"Longmont, CO",pm,10953,150,1.3694878115584772,53,0.48388569341732857,84.8072035058888,1.3943299785387575,78.4,88.3
"Los Angeles, CA",af,14476,87,0.6009947499309202,29,0.20033158331030673,88.14729206963251,1.7538091463352297,84.2,94.82
"Los Angeles, CA",am,15263,713,4.671427635458298,255,1.670706938347638,66.1661416497412,2.5630055578301443,61.16,75.38
"Los Angeles, CA",am,21370,1165,5.451567618156294,355,1.6612072999532053,66.48997098736547,1.9030630603826035,60.980000000000004,75.56
"Los Angeles, CA",pm,19026,214,1.1247766214653632,202,1.061705035214969,71.1681362346263,1.8708794719247566,67.28,80.78
"Lynchburg, VA",af,2330,49,2.1030042918454934,35,1.502145922746781,90.01375965665235,1.29299397470751,85.51,93.18
"Lynchburg, VA",am,2840,239,8.415492957746478,77,2.7112676056338025,70.95640845070423,0.657041053393225,68.35,72.12
"Lynchburg, VA",pm,11063,193,1.7445539184669618,121,1.093735876344572,86.09290879508269,1.909518515098067,78.54,90.35
"Memphis, TN",af,41383,1970,4.760408863543001,643,1.5537781214508373,96.2415460454776,1.5784303522545136,87.8,102.2
"Memphis, TN",am,45897,245,0.5338039523280389,14,0.03050308299017365,80.54308778351526,1.9263878086483808,75.7,86.7
"Memphis, TN",pm,43866,1785,4.069210778279305,529,1.205945379109105,92.34409337527924,1.7825368236809507,84.4,97.6
"MetroWest and Framingham, MA",af,16395,165,1.0064043915827996,34,0.20738029887160722,85.6526745959134,1.4832468983037839,80.9,91.1
"MetroWest and Framingham, MA",am,17544,128,0.729594163246694,13,0.07409940720474237,68.59563953488373,1.4473680931942234,65.6,73.2
"MetroWest and Framingham, MA",pm,15921,6,0.03768607499528924,1,0.0062810124992148724,79.9544689403932,1.2053068316565605,76.5,83.6
"Miami, FL",af,20682,296,1.4311962092640944,233,1.126583502562615,89.42725848563968,1.2775529618222847,83.12,93.74
"Miami, FL",am,19257,1833,9.518616606948124,964,5.005971854390611,82.450026483876,1.6949785673867883,75.2,84.2
"Miami, FL",pm,20295,1120,5.51860064055186,297,1.4634146341463417,85.76289135254989,1.0195249422793222,82.03999999999999,88.7
"Milwaukee, WI",af,20866,392,1.878654270104476,67,0.321096520655612,91.38833509057797,1.0105316399756448,88.0,96.7
"Milwaukee, WI",am,17715,22,0.12418854078464578,2,0.011289867344058707,72.39226079593566,1.071863459608633,69.1,75.1
"Milwaukee, WI",pm,20435,665,3.25422069977979,340,1.6638120871054565,84.95001712747737,1.344763152777848,77.6,88.0
"Moab, UT",af,9119,759,8.323281061519904,11,0.12062726176115801,95.96579668823335,1.9490877569893208,90.0,100.7
"Moab, UT",am,9158,338,3.690762175147412,65,0.7097619567591178,69.84771784232365,2.573458174024867,60.6,76.8
"Moab, UT",pm,8951,50,0.5585968048262764,44,0.49156518824712325,93.01112724835214,1.6821508609347722,86.3,96.3
"Montgomery County, MD",af,38336,827,2.1572412353923207,376,0.9808013355592655,90.68297944490818,1.5583168887176415,82.8,95.6
"Montgomery County, MD",pm,32056,427,1.3320439231345147,207,0.6457449463438982,86.61636823059645,1.460749693736191,81.1,91.6
"Mystic River, MA",af,29492,8,0.02712600027126,2,0.006781500067815,92.57613081513632,1.7351672554613993,87.37,97.64
"Mystic River, MA",am,25198,0,0.0,2,0.00793713786808477,75.5811489007064,1.0782450663839762,72.23,78.59
"Mystic River, MA",pm,32610,40,0.12266176019625882,29,0.08892977614228764,88.05629193498928,1.7998181108548903,82.46,92.88
"Nashville, TN",af,18717,109,0.5823582839130202,33,0.1763103061388043,92.23755943794411,1.2392672364689707,87.4,95.6
"Nashville, TN",am,25134,530,2.108697382032307,110,0.43765417362934667,65.58122861462562,1.7331592996055951,59.5,71.9
"Nashville, TN",pm,18184,472,2.5956885173779147,223,1.2263528376594808,88.08485481742191,1.2234943658652022,83.0,91.2
"New Orleans, LA",af,21117,484,2.2919922337453236,175,0.828716200217834,92.34267083392527,1.5532185368827287,87.62,101.48
"New Orleans, LA",am,26195,443,1.691162435579309,7,0.02672265699560985,79.71496621492652,1.3870585977328347,75.38,82.94
"New Orleans, LA",pm,27939,317,1.1346146963026593,144,0.5154085686674541,87.59078921937076,1.1052960517888568,81.86,90.86000000000001
"Oakland and Berkeley, CA",af,20144,316,1.5687053216838762,297,1.4743844320889594,67.74326945988881,3.1562509389689595,60.08,93.56
"Oakland and Berkeley, CA",am,18495,9,0.04866180048661801,11,0.059475533928088666,58.9716301703163,1.6694966589872402,55.040000000000006,65.30000000000001
"Oakland and Berkeley, CA",pm,21512,1238,5.754927482335441,296,1.375976199330606,62.93767571587951,2.4736421590714834,57.74,78.08000000000001
"Oklahoma City, OK",af,71168,2676,3.7601169064748206,849,1.1929518884892087,92.1300767198741,2.1307290616223638,84.0,98.1
"Oklahoma City, OK",am,81298,4796,5.899284115230387,1216,1.4957317523186302,84.95620310462742,1.6127424582949785,74.0,88.7
"Oklahoma City, OK",pm,71386,140,0.19611688566385566,140,0.19611688566385566,83.11822766368755,2.003111573042469,76.3,87.6
"Omaha, NE",af,13582,6,0.044176115446915035,6,0.044176115446915035,98.50289353556178,1.3723669259842985,94.8,102.9
"Omaha, NE",am,14600,434,2.9726027397260277,38,0.2602739726027397,79.63522602739727,0.617843867657539,77.4,81.4
"Omaha, NE",pm,15532,8,0.05150656708730364,12,0.07725985063095545,97.9152652588205,1.4385818742271357,93.5,102.9
"Palo Alto, CA",af,8998,125,1.3891975994665482,29,0.32229384307623915,91.56999333185152,2.1103571423428256,83.6,97.5
"Palo Alto, CA",am,9044,66,0.729765590446705,54,0.5970809376382131,57.345765148164524,1.2878368066468975,53.1,62.3
"Petersburg, VA",af,7742,38,0.49082924308964093,0,0.0,91.57255489537587,1.026829451174443,88.82,94.31
"Petersburg, VA",am,7136,105,1.4714125560538118,0,0.0,72.95240610986546,0.8218764236883107,70.91,75.08
"Petersburg, VA",pm,6881,32,0.4650486847841883,0,0.0,87.98254759482634,1.6687417512047011,83.59,92.03
"Philadelphia, PA",af,10104,2,0.01979414093428345,2,0.01979414093428345,89.66372723673791,1.7688056421969658,85.2,95.0
"Philadelphia, PA",am,19910,18,0.09040683073832245,0,0.0,74.02526368658965,1.3297370118279341,70.5,77.2
"Philadelphia, PA",pm,8558,315,3.6807665342369713,76,0.8880579574666978,87.47196774947417,1.598562287244358,81.2,91.7
"Pierce County, WA",af,40752,487,1.19503337259521,89,0.2183941892422458,82.62569199057715,1.9263643160007344,74.6,88.8
"Pierce County, WA",am,42489,656,1.543929016922027,169,0.3977500058838759,58.028049612840974,1.1598154758178871,52.0,62.1
"Pierce County, WA",pm,40450,78,0.19283065512978986,58,0.1433868974042027,80.30842768850432,1.9431567158297187,73.1,85.6
"Raleigh and Durham, NC",af,28654,431,1.5041529978362533,20,0.06979828296223912,84.16687722482028,1.44504527427396,80.11,88.75
"Raleigh and Durham, NC",am,35202,408,1.1590250553945798,34,0.09658542128288165,67.82275183228226,1.256832936572323,64.38,71.87
"Raleigh and Durham, NC",pm,35419,222,0.6267822355233067,31,0.08752364550100229,81.07071374121234,1.6894500372950938,75.91,86.29
Rhode Island,af,15153,99,0.6533359730746386,0,0.0,88.12036032468816,2.21166489335897,82.04,94.64
Rhode Island,am,14999,21,0.14000933395559703,0,0.0,71.69862257483832,2.0759821457849097,65.48,76.46000000000001
Rhode Island,pm,15603,10,0.06409023905659168,8,0.051272191245273345,82.17973851182465,2.126123198386125,77.36,88.88
"Richmond, IN",af,10615,159,1.4978803579839848,18,0.16957136128120584,88.63254922279793,1.069598205869897,85.29,91.78
"Richmond, VA",af,28204,528,1.87207488299532,0,0.0,91.10652318820026,1.6063304672402308,86.45,95.49
"Richmond, VA",pm,27411,342,1.2476742913428915,64,0.23348290832147675,88.47810842362554,1.5169527322827312,83.7,92.95
"Roanoke, VA",af,10335,23,0.22254475084663763,21,0.20319303338171263,81.3473962264151,2.6247884948533193,75.92,90.86000000000001
"Roanoke, VA",am,10381,243,2.340814950390136,8,0.07706386667951065,67.65035160389174,1.162889817125626,64.22,71.24000000000001
"Roanoke, VA",pm,10386,108,1.0398613518197575,81,0.779896013864818,83.98242634315424,1.5399776063101978,78.62,89.24000000000001
"Sacramento, CA",af,20739,884,4.262500602729158,131,0.6316601571917644,100.61693042094605,1.617027508661687,95.0,106.88000000000001
"Sacramento, CA",am,20969,738,3.519481138823978,76,0.362439792074014,67.10129619915112,2.263291390607828,60.44,75.02
"Sacramento, CA",pm,24220,1168,4.822460776218001,265,1.0941370767960363,95.38373740710158,3.7352587712152023,82.4,104.53999999999999
"Salem, VA",af,6987,61,0.8730499499069702,0,0.0,89.45521396879921,1.2431443000873437,86.04,92.84
"Salem, VA",am,7831,32,0.4086323585748946,0,0.0,71.31509896564934,0.7811739263067914,69.41,73.18
"Salem, VA",pm,7483,93,1.242817051984498,0,0.0,86.78162234397969,1.9313663590651353,81.22,92.29
"Salt Lake City, UT",af,20339,625,3.072914105904912,111,0.5457495452087123,92.34217021485816,1.5149500103751277,86.8,98.7
"Salt Lake City, UT",am,20845,153,0.7339889661789398,24,0.11513552410650037,65.70629407531781,2.5461225320200844,56.6,71.6
"Salt Lake City, UT",pm,17523,420,2.396849854476973,216,1.2326656394453006,91.33769331735432,1.8732493558589618,80.9,95.7
"San Bernardino, CA",af,10593,232,2.190125554611536,139,1.3121872934957046,86.52062871707732,1.2874308833142338,82.4,95.18
"San Bernardino, CA",am,12777,378,2.958440948579479,0,0.0,53.74733035923926,5.299077600874986,43.34,69.08000000000001
"San Bernardino, CA",pm,10906,161,1.4762516046213094,71,0.6510177883733725,72.44366953970292,1.9511443022284558,64.03999999999999,79.52
"San Diego, CA",am,30869,0,0.0,3,0.009718487803297806,64.16061064498365,1.195104397539902,61.08,67.8
"San Diego, CA",pm,31122,0,0.0,2,0.0064263222157959,68.4559530235846,1.9017219491306212,64.17,74.55
"San Francisco, CA",af,19357,8,0.041328718293123935,8,0.041328718293123935,68.12737510977941,2.434907025627534,62.8,75.9
"San Francisco, CA",am,19729,190,0.9630493182624563,94,0.4764559785087942,55.73397029753156,0.8822060135144316,53.4,59.4
"San Francisco, CA",pm,20724,75,0.36189924724956574,16,0.07720517274657401,62.342043041883805,1.5528469396279596,58.5,68.5
"San Jose and Santa Clara, CA",af,49918,16,0.03205256620858207,3,0.006009856164109139,75.69099563283784,2.6977547662488193,67.64,84.38
"San Jose and Santa Clara, CA",am,49517,219,0.44227235090978856,179,0.36149201284407373,62.40395823656522,1.2826000590352187,57.379999999999995,66.2
"San Jose and Santa Clara, CA",pm,47120,12,0.025466893039049233,0,0.0,65.69077419354839,1.8054865058663374,61.16,70.7
"San Juan, PR",af,17312,0,0.0,24,0.13863216266173753,89.74113447319779,2.195880176168707,84.2,96.62
"San Juan, PR",am,22571,1829,8.103318417438306,116,0.5139338088697887,78.4826972664038,2.4180126829154984,70.52,82.4
"San Juan, PR",pm,19342,2709,14.005790507703445,433,2.238651638920484,82.7299968979423,1.6381715882058299,75.02,86.36
"Santa Fe, NM",af,14142,5,0.035355678121906375,4,0.0282845424975251,88.90479422995332,2.204075225448296,82.6,96.5
"Santa Fe, NM",am,15007,512,3.411741187445859,96,0.6397014726460984,63.02929966015859,1.7722817695602329,56.8,67.2
"Scranton and Wilkes Barre, PA",af,19231,367,1.9083770994748062,114,0.5927928864853622,85.7159742083095,1.479228421916673,80.7,92.6
"Scranton and Wilkes Barre, PA",am,18050,0,0.0,2,0.0110803324099723,62.29937396121883,1.2393900502739659,58.7,66.1
"Scranton and Wilkes Barre, PA",pm,20813,425,2.04199298515351,188,0.903281602844376,82.11285254408303,1.7164186319263484,74.2,86.9
"Seattle and King County, WA",af,35019,611,1.7447671264170879,30,0.08566778034781118,89.3665792855307,2.3731311206782792,82.03999999999999,97.16000000000001
"Seattle and King County, WA",am,37595,737,1.9603670700891074,1,0.0026599281819390877,60.87850671631866,3.334215927266214,51.26,71.06
"Seattle and King County, WA",pm,37493,93,0.24804630197636895,29,0.07734777158402902,85.54973835115888,2.936942681358377,75.38,98.78
"Sedona, AZ",af,5579,30,0.5377307761247535,13,0.23301666965405984,90.45879189818963,1.0695927847133766,87.4,95.3
"Sedona, AZ",am,6017,52,0.864218048861559,54,0.8974572045870035,53.19965098886488,3.368507408095952,41.7,58.1
"Sedona, AZ",pm,5891,220,3.734510269903242,91,1.544729248005432,83.628076727211,1.2845091249022345,75.8,86.4
"Spokane, WA",af,14422,82,0.5685757869920954,62,0.42989876577451114,88.8200110941617,1.466150327411902,84.9,94.1
"Spokane, WA",am,17215,44,0.25559105431309903,0,0.0,65.33647981411559,2.531343690927706,57.8,71.7
"Spokane, WA",pm,12351,31,0.2509918225244919,5,0.040482552020079346,87.71755323455591,1.8043137448713984,82.2,93.1
"Toledo, OH",af,15105,50,0.33101621979477,20,0.132406487917908,83.40349553128102,1.7563389790879336,78.6,89.8
"Toledo, OH",am,17106,5,0.029229510113410496,0,0.0,69.54312521922132,0.7376322130707426,67.7,71.6
"Toledo, OH",pm,18261,12,0.06571381632988336,12,0.06571381632988336,82.06192431958819,1.4003808532365316,78.3,87.0
"Victorville, CA",af,10794,382,3.5390031498980914,26,0.2408745599407078,95.1672429127293,1.2897521048073533,91.22,99.32
"Victorville, CA",am,10401,261,2.509374098644361,4,0.03845784059225075,71.55524661090281,2.7412050758740394,64.03999999999999,80.42
"Virginia Beach, VA",af,18617,2,0.010742869420422194,14,0.07520008594295537,90.3242837191814,2.846962702720459,81.72,99.78
"Washington, D.C.",af,23345,587,2.514457057185693,212,0.9081173698864853,94.68459713000642,2.2556181137341675,85.1,103.1
"Washington, D.C.",am,25637,27,0.10531653469594726,27,0.10531653469594726,77.33605804111245,2.0382789627126954,68.9,82.75999999999999
"Washington, D.C.",pm,25066,1099,4.3844251176893,315,1.2566823585733662,89.55758876565865,2.5087762834333036,79.52,98.78
"West Palm Beach, FL",af,12796,592,4.626445764301344,144,1.1253516723976242,88.65950140668959,2.0458229163460055,82.03999999999999,93.92
"West Palm Beach, FL",pm,10133,121,1.1941182275732753,100,0.9868745682423763,84.82215730780618,0.6834610171263961,83.48,89.42
"Winchester, VA",af,26942,22,0.08165689258406948,0,0.0,92.36371761561874,2.4740880663815408,85.76,99.21
"Winchester, VA",pm,26709,21,0.07862518252274514,9,0.033696506795462204,83.47527163128534,1.0701878800963498,80.21,86.3
"Worcester, MA",af,18509,72,0.38899994597222975,27,0.14587497973958613,85.03783780863364,1.633813039085402,80.06,90.86000000000001
"Worcester, MA",am,22431,933,4.159422228166377,26,0.11591101600463645,65.71718336231109,1.6667574320365075,61.16,71.06
"Yonkers, NY",af,9361,220,2.3501762632197414,105,1.1216750347185132,85.9201046896699,1.6279473365054604,80.24000000000001,95.18
"Yonkers, NY",am,12576,631,5.017493638676845,95,0.7554071246819338,68.21344942748091,0.819827021831351,66.38,70.88
